{"4.jpg": [], "1.jpg": [[[511.53755935732727, 563.0385540596989, 449.7363657144813, 398.23537101210957], [719.5352392873907, 669.7509444084315, 604.5163511187607, 645.717146880658]], [[605.9560496450085, 573.3387530001731, 456.60316500813076, 497.8039607700281], [625.1167489997094, 664.6008449381943, 604.5163511187607, 571.8990544739254]], [[605.9560496450085, 645.4401455834934, 542.4381561787502, 502.9540602402652], [626.8334488231218, 594.2161521782864, 540.9984576525023, 575.3324541207501]], [[652.306944877143, 686.6409413453907, 585.35565176406, 551.0216552958121], [594.2161521782864, 558.1654558866262, 510.0978608310794, 540.9984576525023]], [[683.207541698566, 724.4083374604634, 619.6896482323077, 587.0723515874722], [559.8821557100387, 530.6982587120281, 480.9139638330688, 510.0978608310794]], [[724.4083374604634, 755.3089342818862, 647.1568454069059, 621.40634805572], [530.6982587120281, 501.51436171401747, 455.163466481883, 482.6306636564812]], [[760.4590337521233, 784.4928312798968, 683.207541698566, 652.306944877143], [498.0809620671927, 477.480564186244, 436.27976842434674, 460.31356595212014]], [[784.4928312798968, 815.3934281013198, 726.1250372838756, 688.3576411688032], [474.04716453941927, 451.7300668350582, 417.3960703668105, 432.84636877752195]], [[817.1101279247323, 835.9938259822686, 746.7254351648244, 726.1250372838756], [450.0133670116458, 427.6962693072848, 396.7956724858618, 415.6793705433981]], [[396.5186711886972, 317.5504793117274, 370.7681738375114, 444.58626624424414], [638.8503475870085, 587.3493528846368, 556.4487560632139, 604.5163511187607]], [[372.48487366092377, 418.83576889305823, 494.3705611232033, 451.4530655378936], [551.2986565929767, 527.2648590652033, 570.1823546505129, 597.6495518251112]]], "2.jpg": [[[307.2502803712531, 291.7999819605416, 379.35167295457336, 389.65187189504763], [444.8632675414087, 582.1992534143997, 583.9159532378121, 446.5799673648211]], [[379.35167295457336, 468.6200637720175, 466.90336394860515, 389.65187189504763], [582.1992534143997, 580.4825535909873, 444.8632675414087, 444.8632675414087]], [[466.90336394860515, 557.8884545894617, 539.0047565319254, 468.6200637720175], [578.765853767575, 578.765853767575, 441.4298678945839, 446.5799673648211]], [[540.7214563553378, 612.8228489386581, 645.4401455834934, 556.1717547660493], [444.8632675414087, 443.1465677179963, 575.3324541207501, 577.0491539441625]], [[645.4401455834934, 732.9918365775252, 686.6409413453907, 611.1061491152457], [575.3324541207501, 570.1823546505129, 437.99646824775914, 446.5799673648211]], [[691.7910408156279, 765.6091332223607, 818.8268277481445, 731.275136754113], [439.7131680711715, 437.99646824775914, 568.4656548271006, 570.1823546505129]], [[820.543527571557, 904.6618189187641, 835.9938259822686, 767.3258330457729], [570.1823546505129, 566.7489550036883, 439.7131680711715, 439.7131680711715]], [[837.7105258056808, 908.0952185655888, 983.6300107957338, 906.3785187421763], [439.7131680711715, 437.99646824775914, 561.5988555334511, 563.3155553568633]], [[909.8119183890012, 976.7632115020842, 920.1121173294755, 865.177722980279], [434.56306860093434, 434.56306860093434, 343.57797796007776, 348.7280774303149]], [[835.9938259822686, 799.9431296906084, 863.4610231568668, 908.0952185655888], [434.56306860093434, 350.44477725372735, 347.01137760690256, 436.27976842434674]], [[832.5604263354437, 791.3596305735464, 732.9918365775252, 770.7592326925978], [437.99646824775914, 347.01137760690256, 352.1614770771397, 436.27976842434674]], [[688.3576411688032, 660.890443994205, 729.5584369307005, 769.0425328691854], [436.27976842434674, 341.8612781366654, 348.7280774303149, 432.84636877752195]], [[686.6409413453907, 614.5395487620706, 593.9391508811218, 662.6071438176173], [436.27976842434674, 437.99646824775914, 343.57797796007776, 340.14457831325296]], [[614.5395487620706, 539.0047565319254, 530.4212574148635, 593.9391508811218], [437.99646824775914, 437.99646824775914, 343.57797796007776, 343.57797796007776]], [[537.2880567085131, 470.33676359542994, 461.753264478368, 532.1379572382758], [432.84636877752195, 439.7131680711715, 343.57797796007776, 347.01137760690256]], [[466.90336394860515, 386.21847224822295, 394.8019713652849, 461.753264478368], [434.56306860093434, 434.56306860093434, 341.8612781366654, 345.2946777834902]], [[384.5017724248105, 314.1170796649026, 320.98387895855217, 396.5186711886972], [431.12966895410955, 432.84636877752195, 345.2946777834902, 343.57797796007776]], [[667.7572432878544, 715.8248383434013, 691.7910408156279, 645.4401455834934], [256.026286966046, 249.1594876723965, 190.7916936763753, 194.2250933232001]], [[714.1081385199889, 767.3258330457729, 743.2920355179995, 693.5077406390403], [249.1594876723965, 250.87618749580884, 192.50839349978764, 192.50839349978764]], [[770.7592326925978, 822.2602273949694, 794.7930302203713, 743.2920355179995], [249.1594876723965, 249.1594876723965, 185.64159420613805, 192.50839349978764]], [[823.9769272183819, 875.4779219207535, 837.7105258056808, 796.5097300437835], [249.1594876723965, 249.1594876723965, 183.9248943827257, 185.64159420613805]], [[877.1946217441657, 926.9789166231251, 890.9282203314649, 846.2940249227429], [247.44278784898404, 245.7260880255717, 192.50839349978764, 182.20819455931337]], [[403.3854704823468, 468.6200637720175, 463.46996430178035, 401.66877065893436], [249.1594876723965, 250.87618749580884, 201.09189261684958, 194.2250933232001]], [[466.90336394860515, 526.9878577680387, 521.8377582978015, 461.753264478368], [252.59288731922118, 252.59288731922118, 195.94179314661244, 197.65849297002478]], [[523.5544581212139, 585.35565176406, 599.0892503513589, 530.4212574148635], [195.94179314661244, 199.37519279343724, 252.59288731922118, 256.026286966046]], [[600.8059501747714, 662.6071438176173, 643.7234457600812, 588.7890514108847], [252.59288731922118, 250.87618749580884, 197.65849297002478, 197.65849297002478]], [[267.7661844327681, 324.41727860537696, 336.4341773692637, 284.933182666892], [247.44278784898404, 249.1594876723965, 197.65849297002478, 195.94179314661244]], [[269.48288425618057, 212.83179008357172, 228.28208849428324, 284.933182666892], [249.1594876723965, 249.1594876723965, 195.94179314661244, 195.94179314661244]], [[214.54848990698417, 152.74729626413819, 171.6309943216744, 228.28208849428324], [247.44278784898404, 250.87618749580884, 197.65849297002478, 199.37519279343724]], [[152.74729626413819, 94.379502268117, 114.97990014906566, 171.6309943216744], [249.1594876723965, 245.7260880255717, 199.37519279343724, 197.65849297002478]], [[92.66280244470454, 37.7284080955082, 61.7622056232816, 113.2632003256532], [244.00938820215924, 244.00938820215924, 192.50839349978764, 195.94179314661244]]], "3.jpg": []}