{"1.jpg": [[[154.3279569892473, 265.9838709677419, 301.94086021505376, 220.56451612903226], [378.77956989247303, 386.72795121387765, 284.5344028267808, 288.3193490633399]], [[218.67204301075265, 298.1559139784946, 324.6505376344086, 260.30645161290323], [288.3193490633399, 284.5344028267808, 210.72795121387765, 212.6204243321572]], [[258.4139784946236, 322.758064516129, 343.5752688172043, 300.04838709677415], [207.699982673891, 206.5645161290322, 170.60752688172033, 170.60752688172033]], [[300.04838709677415, 336.005376344086, 343.5752688172043, 317.0806451612903], [170.60752688172033, 168.71505376344078, 136.54301075268802, 138.43548387096757]], [[317.0806451612903, 345.46774193548384, 353.0376344086021, 353.0376344086021], [136.54301075268802, 138.43548387096757, 115.72580645161281, 115.72580645161281]], [[585.8118279569892, 629.3387096774193, 871.5752688172042, 812.9086021505375], [382.5645161290322, 454.4784946236559, 412.84408602150535, 357.96236559139777]], [[555.5322580645161, 572.5645161290322, 814.8010752688172, 780.736559139785], [323.8978494623655, 373.1021505376344, 352.28494623655905, 322.00537634408596]], [[542.2849462365591, 553.6397849462364, 763.7043010752689, 731.5322580645161], [287.9408602150537, 314.4354838709677, 312.5430107526881, 278.4784946236558]]], "2.jpg": [[[144.78024193548384, 143.29637096774195, 175.9415322580645, 172.9737903225806], [161.99960130260837, 186.1866912841797, 189.15443321966356, 166.89636870353453]]], "3.jpg": [[[302.27016129032256, 270.9153225806451, 356.27016129032256, 377.17338709677415], [387.8121047481414, 408.71531726468, 474.90886565177675, 438.3282204904864]], [[265.6895161290322, 295.30241935483866, 382.3991935483871, 342.3346774193549], [349.48951081306706, 325.1024140388735, 380.8443495227445, 408.71531726468]]], "parking-lot-e1603271819709.jpg": [[[212.04032258064515, 250.74999999999997, 345.5887096774194, 320.42741935483866], [174.9112726026966, 212.45967741935488, 162.13709677419354, 125.36290322580646]]]}