{"1.jpg": [[[148.22339129704298, 252.30941280241936, 288.26640204973114, 208.78253108198922], [383.79324732873687, 381.90077421045726, 283.49217205991965, 283.49217205991965]], [[204.9975848454301, 295.83629452284947, 314.7610257056451, 246.63199344758064], [283.49217205991965, 279.70722582336043, 228.61045162981202, 222.93303227497336]], [[253.7479951440733, 316.7530602483085, 331.1400436185669, 286.4907848832821], [224.9107290831914, 227.88734633221037, 188.69521922012706, 185.22249909627158]], [[285.49857913360916, 329.65173499405745, 346.5192327384983, 306.8310027515786], [185.7186019711081, 189.19132209496357, 150.49529785771674, 153.47191510673574]], [[306.8310027515786, 344.5348212391524, 353.4646729862093, 314.7686487489625], [153.47191510673574, 153.47191510673574, 143.54985761000577, 141.5654461106598]], [[314.7686487489625, 348.99974711268084, 355.9451873603918, 323.6985004960195], [141.06934323582328, 142.55765186033278, 124.69794836621887, 121.72133111719987]], [[556.9975848454301, 596.7395203293011, 806.8040364583334, 750.0298429099463], [332.69647313518846, 383.79324732873687, 361.083569909382, 308.094322597554]], [[526.718014952957, 558.8900579637096, 785.986832157258, 748.1373697916666], [287.27711829647876, 332.69647313518846, 309.9867957158336, 272.1373333502422]], [[515.3631762432796, 526.718014952957, 744.3524235551075, 704.6104880712365], [253.21260216744645, 296.73948388787664, 283.49217205991965, 258.8900215222852]], [[505.90081065188167, 515.3631762432796, 706.5029611895161, 640.2664020497311], [228.61045162981202, 260.7824946405648, 253.21260216744645, 222.93303227497336]], [[500.223391297043, 507.79328377016134, 651.6212407594086, 628.9115633400538], [211.57819356529592, 234.2878709846508, 230.5029247480917, 205.90077421045726]], [[486.976079469086, 488.86855258736557, 651.6212407594086, 600.5244665658602], [194.54593550077982, 204.0083010921777, 192.65346238250027, 190.7609892642207]], [[585.3846816196236, 634.5889826948925, 863.5782300067204, 852.223391297043], [381.90077421045726, 461.38464517819926, 429.21260216744656, 357.2986236728229]]], "2.jpg": [[[115.67729728452622, 112.70955534904235, 146.09665212323588, 143.128910187752], [175.39099267525077, 192.45550880428303, 188.74583138492818, 176.8748636429927]], [[143.870845671623, 143.128910187752, 172.06439405871976, 175.03213599420363], [162.03615396557336, 173.90712170750882, 175.39099267525077, 163.52002493331528]], [[145.93276489258938, 145.93276489258938, 170.14805053812208, 169.59137730489144], [124.75233256752098, 138.11249016505627, 138.11249016505627, 127.25736211705885]], [[145.65442827597406, 144.54108180951278, 170.14805053812208, 169.31304068827612], [138.11249016505627, 149.24595482966902, 149.80262806289966, 138.11249016505627]], [[174.8797730205825, 174.60143640396717, 197.4250389664233, 197.14670234980798], [137.83415354844095, 148.68928159643838, 147.01926189674646, 137.2774803152103]], [[196.31169249996202, 175.1581096371978, 173.20975332089057, 195.47668265011606], [136.44247046536435, 137.83415354844095, 129.4840550499814, 128.64904520013545]], [[199.93006851596118, 198.8167220494999, 229.43374987718494, 223.31034431164792], [137.55581693182563, 145.62757881366988, 148.41094497982306, 136.72080708197967]], [[199.09505866611522, 195.47668265011606, 217.1869387461109, 222.75367107841728], [139.50417324813287, 127.25736211705885, 124.75233256752098, 137.2774803152103]]], "3.jpg": [[[179.82777393088296, 207.5906569453595, 301.51189948369506, 263.1164229743126], [405.3467012734288, 457.3282694707466, 382.9001150064052, 353.36513307611096]], [[265.47922152873616, 299.1491009292715, 372.98655575500703, 343.4515738247128], [350.41163488308155, 326.1929497002403, 379.9466168133757, 407.7094998278523]], [[189.27896814857712, 217.04185116305365, 299.7398005678774, 261.93502369710086], [343.9139388584168, 377.5838182589522, 323.2394515072109, 297.248667408552]], [[261.93502369710086, 295.6049030976362, 368.26095864615996, 339.9073759930775], [297.248667408552, 271.848582948499, 318.51385439836383, 348.6395359672639]], [[176.87427573785354, 202.27436019790656, 291.47000562739504, 255.4373276724361], [290.7509713838873, 328.55574825466385, 270.6671836712872, 252.3554948745048]], [[269.61411899897735, 308.60029514696566, 244.8047341775302, 195.18596453463596], [410.07229838227585, 444.33287742141715, 500.4493430889761, 463.2352658568054]], [[272.56761719200676, 302.6932987609068, 375.34935430943057, 344.63297310192456], [408.3001994664582, 381.7187157291934, 439.6072803125701, 476.23065790613487]], [[429.10008998258803, 483.4911706747539, 520.3367414662212, 461.5592832988806], [269.54524159012243, 228.3132933234806, 252.43836943694123, 299.81124616882767]], [[416.37959530458147, 436.556931690385, 506.73897129317965, 473.84114022936967], [223.049640353271, 260.3338488922557, 208.13595693767712, 184.44951857173393]], [[446.9074685351217, 471.12298542126643, 552.9176202366884, 507.1771994517485], [377.5752025468916, 428.1587267090605, 354.97405345315656, 324.3010653973733]], [[498.5672378922304, 526.0114903631944, 592.7386924494598, 576.0568919278934], [274.25566383267426, 254.34512772628864, 299.54742591375873, 328.6060461771324]], [[441.52624256042293, 464.127391654158, 536.2358197151221, 498.5672378922304], [321.072329812554, 362.5077698177349, 302.77616149857806, 273.7175412352044]], [[510.9440576340377, 538.9264327024715, 608.8823703735562, 581.9762405000621], [326.45355578725287, 304.3905292909877, 351.7453178683373, 371.6558539747229]], [[466.2798820440375, 502.87221867198946, 567.4469303683753, 522.7827547783751], [428.6968493065304, 470.1322893117113, 410.9388035900243, 380.8039381317109]], [[394.6655507366334, 414.8112328519975, 477.9343701468049, 447.04432423658], [99.19065643218659, 129.18533869283976, 90.6847017612551, 70.9867014706769]], [[446.1489605870083, 473.45755189894624, 523.5979162749635, 513.3012343048886], [72.32974694503449, 55.31783760317151, 91.13238358604096, 112.62111117576265]], [[454.20723343315393, 487.33568846730816, 426.4509602964301, 404.9622327067084], [106.80124745354635, 127.84229321848215, 172.61047569706898, 133.66215694069845]], [[456.8933243818691, 477.9343701468049, 534.7899618946102, 524.0455980997494], [106.35356562876049, 92.02774723561271, 125.60388409455282, 152.4647935817049]], [[466.74232452715825, 487.78337029209405, 545.5343256894711, 531.6561891211092], [144.85420256034513, 127.84229321848215, 164.55220285092335, 180.22106671842874]]], "parking-lot-e1603271819709.jpg": [[[61.53541893711718, 85.83370194360035, 200.30561299636554, 168.44786416564315], [407.0322498971947, 454.00893037639554, 395.15308931624736, 353.0360654383432]], [[35.61725039686846, 144.14958115916, 170.60771154399723, 58.8356097141746], [363.295340485525, 313.07888893879306, 351.95614174916614, 408.11217358637174]], [[85.83370194360035, 107.43217572714096, 220.2842012461406, 195.44595639506892], [452.38904484262997, 494.5060687205342, 439.4299605725056, 398.93282222836694]], [[396.9802030217146, 424.3159265654578, 537.864316670237, 509.1267611498917], [408.5110287555149, 458.2760639248935, 385.38080114157833, 352.43774969142635]], [[474.7818777231375, 509.8276771381928, 607.9559155003478, 570.8073681203891], [310.3827903933599, 344.7276738201142, 297.76630260394, 264.12233516548685]], [[467.0718018518253, 503.51943324348287, 398.38203499831684, 367.54173151306816], [308.9809584167577, 351.7368337031252, 406.40828079061157, 365.75515346914733]], [[472.6791297582341, 441.1379102846844, 345.81333587573386, 357.72890767685266], [311.78462236996216, 270.4305790601968, 320.1956142295754, 360.8487415510396]], [[507.0240131849884, 606.5540835237455, 641.5998829388009, 541.3688966117427], [348.9331697499208, 299.8690505688433, 338.4194299254042, 392.3899610245894]]]}